time_label,working_hours,week_abnormality,good,poor,dead
2015-09-01,140244000,1468,24000.0,0.0,0.0
2015-09-02,140820000,8554,24000.0,0.0,0.0
2015-09-03,141396000,21635,24000.0,0.0,0.0
2015-09-04,141972000,41698,24000.0,0.0,0.0
2015-09-05,142548000,67521,24000.0,0.0,0.0
2015-09-06,143124000,98693,24000.0,0.0,0.0
2015-09-07,143700000,135486,24000.0,0.0,0.0
2015-09-08,144276000,22204,24000.0,0.0,0.0
2015-09-09,144852000,73315,24000.0,0.0,0.0
2015-09-10,145428000,129556,24000.0,0.0,0.0
2015-09-11,146004000,191123,24000.0,0.0,0.0
2015-09-12,146580000,260460,24000.0,0.0,0.0
2015-09-13,147033330,338022,23979.0,0.0,1.0
2015-09-14,147559606,421707,23971.0,1.0,0.0
2015-09-15,148011384,58850,23952.0,0.0,0.0
2015-09-16,148598609,132588,23953.0,0.0,1.0
2015-09-17,149161080,231686,23952.0,0.0,0.0
2015-09-18,149735928,338568,23952.0,0.0,0.0
2015-09-19,150203969,450714,23932.0,3.0,0.0
2015-09-20,148654096,551178,23566.0,31.0,1.0
2015-09-21,141149182,602612,22248.0,74.0,0.0
2015-09-22,136553684,95112,21506.0,6.0,1.0
2015-09-23,144703038,155797,22711.0,0.0,0.0
2015-09-24,152781960,273173,23889.0,0.0,0.0
2015-09-25,153355318,394832,23886.0,3.0,0.0
2015-09-26,152426640,512017,23635.0,21.0,0.0
2015-09-27,146822101,587598,22646.0,55.0,1.0
2015-09-28,136601603,609819,20939.0,105.0,0.0
2015-09-29,132335944,132933,20295.0,16.0,0.0
2015-09-30,144451262,168801,22089.0,0.0,0.0
2015-10-01,156715738,242360,23877.0,0.0,0.0
2015-10-02,157533405,351946,23913.0,0.0,1.0
2015-10-03,157518528,468732,23812.0,13.0,0.0
2015-10-04,153914824,561596,23156.0,40.0,0.0
2015-10-05,144260176,599605,21567.0,96.0,0.0
2015-10-06,136649816,207298,20419.0,27.0,0.0
2015-10-07,147276450,227350,21956.0,1.0,0.0
2015-10-08,160323242,224035,23816.0,0.0,1.0
2015-10-09,161551047,307508,23914.0,0.0,0.0
2015-10-10,161982305,424441,23886.0,7.0,0.0
2015-10-11,159335500,522212,23374.0,46.0,0.0
2015-10-12,154237209,361209,22514.0,76.0,0.0
2015-10-13,164436000,2398,24000.0,0.0,0.0
2015-10-14,165012000,9427,24000.0,0.0,0.0
2015-10-15,165588000,21238,24000.0,0.0,0.0
2015-10-16,166164000,37647,24000.0,0.0,0.0
2015-10-17,166740000,58566,24000.0,0.0,0.0
2015-10-18,167316000,83432,24000.0,0.0,0.0
2015-10-19,167892000,73343,24000.0,0.0,0.0
2015-10-20,168468000,26962,24000.0,0.0,0.0
2015-10-21,169044000,65288,24000.0,0.0,0.0
2015-10-22,169620000,107976,24000.0,0.0,0.0
2015-10-23,170196000,156104,24000.0,0.0,0.0
2015-10-24,170750622,209416,23996.0,0.0,1.0
2015-10-25,171176652,267237,23976.0,0.0,0.0
2015-10-26,171752076,230149,23976.0,0.0,0.0
2015-10-27,172327500,51722,23976.0,0.0,0.0
2015-10-28,172852384,121385,23968.0,0.0,1.0
2015-10-29,173304696,198617,23952.0,0.0,0.0
2015-10-30,173879544,279749,23952.0,0.0,0.0
2015-10-31,174454392,362983,23952.0,0.0,0.0
2015-11-01,175029240,449956,23952.0,0.0,0.0
2015-11-02,175604088,400448,23952.0,0.0,0.0
2015-11-03,176178936,71177,23952.0,0.0,0.0
2015-11-04,176753784,173502,23952.0,0.0,0.0
2015-11-05,177328632,278628,23952.0,0.0,0.0
2015-11-06,177903480,388063,23952.0,0.0,0.0
2015-11-07,178492915,500690,23954.0,0.0,0.0
2015-11-08,179030614,616686,23947.0,2.0,0.0
2015-11-09,178307401,569415,23765.0,11.0,0.0
2015-11-10,178224229,86587,23689.0,0.0,0.0
2015-11-11,180075694,213537,23859.0,0.0,0.0
2015-11-12,181632642,344025,23988.0,0.0,1.0
2015-11-13,182109708,478084,23976.0,0.0,0.0
2015-11-14,182578356,620043,23960.0,1.0,1.0
2015-11-15,181647039,755327,23742.0,23.0,0.0
2015-11-16,172145982,692648,22372.0,80.0,0.0
2015-11-17,166305402,86911,21622.0,0.0,0.0
2015-11-18,176500127,225106,22876.0,0.0,0.0
2015-11-19,185376504,362802,23952.0,0.0,0.0
2015-11-20,185951352,509903,23952.0,0.0,0.0
2015-11-21,186058667,658938,23886.0,6.0,0.0
2015-11-22,181066771,774612,23093.0,87.0,0.0
2015-11-23,180631190,256655,22996.0,55.0,1.0
2015-11-24,188628000,3751,24000.0,0.0,0.0
2015-11-25,189204000,11481,24000.0,0.0,0.0
2015-11-26,189780000,23782,24000.0,0.0,0.0
2015-11-27,190356000,39750,24000.0,0.0,0.0
2015-11-28,190932000,59276,24000.0,0.0,0.0
2015-11-29,191508000,82210,24000.0,0.0,0.0
2015-11-30,192084000,39569,24000.0,0.0,0.0
2015-12-01,192660000,35240,24000.0,0.0,0.0
2015-12-02,193236000,70636,24000.0,0.0,0.0
2015-12-03,193812000,110070,24000.0,0.0,0.0
2015-12-04,194388000,153803,24000.0,0.0,0.0
2015-12-05,194874570,203229,23988.0,0.0,1.0
2015-12-06,195344460,256834,23976.0,0.0,0.0
2015-12-07,195919884,121680,23976.0,0.0,0.0
2015-12-08,196495308,65653,23976.0,0.0,0.0
2015-12-09,196832229,129262,23945.0,0.0,2.0
2015-12-10,197250468,198594,23928.0,0.0,0.0
2015-12-11,197824740,270725,23928.0,0.0,0.0
2015-12-12,198399012,345535,23928.0,0.0,0.0
2015-12-13,198973284,424875,23928.0,0.0,0.0
2015-12-14,199547556,214874,23928.0,0.0,0.0
2015-12-15,200121828,93792,23928.0,0.0,0.0
2015-12-16,200637328,187433,23920.0,0.0,1.0
2015-12-17,201068496,281625,23904.0,0.0,0.0
2015-12-18,201642192,382473,23904.0,0.0,0.0
2015-12-19,202300215,486607,23914.0,0.0,0.0
2015-12-20,202993188,593610,23928.0,0.0,0.0
2015-12-21,203567460,325585,23928.0,0.0,0.0
2015-12-22,204141732,121802,23928.0,0.0,0.0
2015-12-23,204946468,241656,23955.0,0.0,0.0
2015-12-24,205547607,365079,23957.0,0.0,1.0
2015-12-25,206071032,492552,23952.0,0.0,0.0
2015-12-26,206490531,626536,23933.0,0.0,1.0
2015-12-27,206753313,762577,23894.0,4.0,0.0
2015-12-28,203456442,441946,23428.0,23.0,1.0
2015-12-29,202541773,136840,23282.0,0.0,0.0
2015-12-30,206842907,280674,23711.0,0.0,0.0
2015-12-31,209310180,427317,23928.0,0.0,0.0
2016-01-01,209884452,580891,23928.0,0.0,0.0
2016-01-02,210062671,736197,23876.0,7.0,0.0
2016-01-03,203911779,856446,23033.0,87.0,1.0
2016-01-04,212244000,995,24000.0,0.0,0.0
2016-01-05,212820000,5759,24000.0,0.0,0.0
2016-01-06,213396000,14805,24000.0,0.0,0.0
2016-01-07,213972000,28455,24000.0,0.0,0.0
2016-01-08,214548000,45425,24000.0,0.0,0.0
2016-01-09,215124000,65720,24000.0,0.0,0.0
2016-01-10,215700000,90028,24000.0,0.0,0.0
2016-01-11,216276000,14215,24000.0,0.0,0.0
2016-01-12,216852000,46097,24000.0,0.0,0.0
2016-01-13,217428000,82163,24000.0,0.0,0.0
2016-01-14,218004000,122788,24000.0,0.0,0.0
2016-01-15,218580000,168023,24000.0,0.0,0.0
2016-01-16,218982454,218008,23980.0,0.0,1.0
2016-01-17,219512268,273018,23976.0,0.0,0.0
2016-01-18,220087692,38228,23976.0,0.0,0.0
2016-01-19,220663116,85621,23976.0,0.0,0.0
2016-01-20,220823269,151553,23929.0,0.0,2.0
2016-01-21,221369892,221868,23928.0,0.0,0.0
2016-01-22,221944164,294448,23928.0,0.0,0.0
2016-01-23,222518436,370705,23928.0,0.0,0.0
2016-01-24,223092708,451455,23928.0,0.0,0.0
2016-01-25,223666980,75808,23928.0,0.0,0.0
2016-01-26,224241252,123380,23928.0,0.0,0.0
2016-01-27,224674524,217458,23912.0,0.0,1.0
2016-01-28,225163728,313474,23904.0,0.0,0.0
2016-01-29,225737424,415264,23904.0,0.0,0.0
2016-01-30,226481251,520046,23922.0,0.0,0.0
2016-01-31,227112612,628647,23928.0,0.0,0.0
2016-02-01,227686884,130147,23928.0,0.0,0.0
2016-02-02,228261156,161149,23928.0,0.0,0.0
2016-02-03,229226887,282704,23968.0,0.0,1.0
2016-02-04,229639800,407279,23952.0,0.0,0.0
2016-02-05,230195403,536977,23949.0,0.0,1.0
2016-02-06,230558244,673043,23928.0,0.0,0.0
2016-02-07,230455858,806140,23846.0,12.0,0.0
2016-02-08,227155241,191093,23449.0,8.0,1.0
2016-02-09,227970918,185884,23484.0,0.0,0.0
2016-02-10,232446114,329907,23886.0,0.0,0.0
2016-02-11,233429604,479097,23928.0,0.0,0.0
2016-02-12,233847340,633271,23911.0,1.0,0.0
2016-02-13,233626631,788168,23813.0,18.0,0.0
2016-02-14,227449686,576146,23075.0,69.0,0.0
2016-02-15,236436000,2095,24000.0,0.0,0.0
2016-02-16,237012000,8284,24000.0,0.0,0.0
2016-02-17,237588000,18941,24000.0,0.0,0.0
2016-02-18,238164000,33607,24000.0,0.0,0.0
2016-02-19,238740000,51911,24000.0,0.0,0.0
2016-02-20,239316000,73591,24000.0,0.0,0.0
2016-02-21,239892000,64869,24000.0,0.0,0.0
2016-02-22,240468000,24572,24000.0,0.0,0.0
2016-02-23,241044000,58321,24000.0,0.0,0.0
2016-02-24,241620000,95978,24000.0,0.0,0.0
2016-02-25,242196000,138181,24000.0,0.0,0.0
2016-02-26,242741622,185355,23996.0,0.0,1.0
2016-02-27,243104652,236701,23976.0,0.0,0.0
2016-02-28,243680076,203551,23976.0,0.0,0.0
2016-02-29,244255500,45536,23976.0,0.0,0.0
2016-03-01,244698061,106757,23961.0,0.0,2.0
2016-03-02,244915044,174564,23928.0,0.0,0.0
2016-03-03,245489316,246091,23928.0,0.0,0.0
2016-03-04,246063588,320253,23928.0,0.0,0.0
2016-03-05,246637860,398056,23928.0,0.0,0.0
2016-03-06,247212132,354320,23928.0,0.0,0.0
2016-03-07,247786404,63226,23928.0,0.0,0.0
2016-03-08,248360676,155244,23928.0,0.0,0.0
2016-03-09,248695656,249490,23904.0,0.0,1.0
2016-03-10,249258960,348177,23904.0,0.0,0.0
2016-03-11,249853243,450790,23906.0,0.0,0.0
2016-03-12,250657764,557150,23928.0,0.0,0.0
2016-03-13,251232036,521398,23928.0,0.0,0.0
2016-03-14,251806308,82519,23928.0,0.0,0.0
2016-03-15,252496028,201906,23939.0,0.0,0.0
2016-03-16,253356499,325252,23965.0,0.0,1.0
2016-03-17,253783416,450772,23952.0,0.0,0.0
2016-03-18,254251999,583674,23941.0,0.0,1.0
2016-03-19,254581795,720325,23917.0,2.0,0.0
2016-03-20,252754716,699374,23675.0,19.0,0.0
2016-03-21,250298632,90466,23410.0,0.0,1.0
2016-03-22,253046560,234446,23615.0,0.0,0.0
2016-03-23,256952961,379471,23926.0,0.0,0.0
2016-03-24,257549028,531977,23928.0,0.0,0.0
2016-03-25,258112501,690068,23926.0,1.0,0.0
2016-03-26,255322160,834427,23563.0,52.0,1.0
2016-03-27,253338672,289105,23322.0,58.0,0.0
2016-03-28,260628000,3751,24000.0,0.0,0.0
2016-03-29,261204000,11481,24000.0,0.0,0.0
2016-03-30,261780000,23782,24000.0,0.0,0.0
2016-03-31,262356000,39750,24000.0,0.0,0.0
2016-04-01,262932000,59390,24000.0,0.0,0.0
2016-04-02,263508000,82856,24000.0,0.0,0.0
2016-04-03,264084000,40303,24000.0,0.0,0.0
2016-04-04,264660000,37471,24000.0,0.0,0.0
2016-04-05,265236000,75346,24000.0,0.0,0.0
2016-04-06,265812000,117906,24000.0,0.0,0.0
2016-04-07,266388000,164890,24000.0,0.0,0.0
2016-04-08,266841570,218002,23988.0,0.0,1.0
2016-04-09,267272460,275052,23976.0,0.0,0.0
2016-04-10,267847884,130410,23976.0,0.0,0.0
2016-04-11,268423308,70847,23976.0,0.0,0.0
2016-04-12,268673229,139903,23945.0,0.0,2.0
2016-04-13,269034468,215747,23928.0,0.0,0.0
2016-04-14,269608740,294630,23928.0,0.0,0.0
2016-04-15,270183012,377653,23928.0,0.0,0.0
2016-04-16,270757284,464590,23928.0,0.0,0.0
2016-04-17,271331556,235460,23928.0,0.0,0.0
2016-04-18,271905828,103025,23928.0,0.0,0.0
2016-04-19,272388936,205850,23919.0,0.0,1.0
2016-04-20,272780496,311233,23904.0,0.0,0.0
2016-04-21,273354192,422424,23904.0,0.0,0.0
2016-04-22,274042215,536594,23914.0,0.0,0.0
2016-04-23,273743362,651730,23832.0,5.0,1.0
2016-04-24,272485758,353837,23673.0,6.0,0.0
2016-04-25,273319667,130175,23702.0,0.0,0.0
2016-04-26,276014203,261213,23886.0,0.0,0.0
2016-04-27,277143699,395961,23933.0,0.0,1.0
2016-04-28,277648548,536103,23928.0,0.0,0.0
2016-04-29,276547870,675550,23768.0,15.0,1.0
2016-04-30,267713689,780187,22917.0,60.0,0.0
2016-05-01,247750996,420438,21162.0,58.0,0.0
2016-05-02,252486726,132973,21581.0,0.0,0.0
2016-05-03,274962872,269934,23454.0,0.0,0.0
2016-05-04,281094180,409173,23928.0,0.0,0.0
2016-05-05,281268012,560099,23889.0,4.0,1.0
2016-05-06,275339838,687852,23290.0,53.0,0.0
2016-05-07,249324581,718572,20936.0,158.0,1.0
2016-05-08,284244000,1468,24000.0,0.0,0.0
2016-05-09,284820000,8554,24000.0,0.0,0.0
2016-05-10,285396000,21635,24000.0,0.0,0.0
2016-05-11,285972000,41698,24000.0,0.0,0.0
2016-05-12,286548000,67521,24000.0,0.0,0.0
2016-05-13,287124000,98693,24000.0,0.0,0.0
2016-05-14,287700000,135450,24000.0,0.0,0.0
2016-05-15,288276000,22204,24000.0,0.0,0.0
2016-05-16,288852000,73315,24000.0,0.0,0.0
2016-05-17,289428000,129556,24000.0,0.0,0.0
2016-05-18,290004000,191424,24000.0,0.0,0.0
2016-05-19,290580000,261858,24000.0,0.0,0.0
2016-05-20,290913330,338276,23979.0,0.0,1.0
2016-05-21,291379443,420360,23970.0,1.0,0.0
2016-05-22,291723384,59691,23952.0,0.0,0.0
2016-05-23,292347036,135106,23956.0,0.0,0.0
2016-05-24,293166540,234749,23976.0,0.0,0.0
2016-05-25,293741964,340936,23976.0,0.0,0.0
2016-05-26,294182255,451717,23962.0,3.0,0.0
2016-05-27,291423271,556047,23663.0,30.0,1.0
2016-05-28,276758168,608699,22393.0,65.0,0.0
2016-05-29,268607183,96596,21750.0,4.0,0.0
2016-05-30,283814172,158324,22941.0,0.0,0.0
2016-05-31,296363516,275903,23907.0,0.0,2.0
2016-06-01,296826010,399420,23899.0,1.0,0.0
2016-06-02,294038607,517814,23600.0,30.0,0.0
2016-06-03,279180909,581806,22317.0,76.0,0.0
2016-06-04,257233688,594018,20503.0,90.0,0.0
2016-06-05,255978988,131807,20444.0,9.0,0.0
2016-06-06,281875079,169043,22479.0,0.0,0.0
2016-06-07,300279351,247890,23901.0,0.0,0.0
2016-06-08,300941835,361913,23906.0,1.0,1.0
2016-06-09,299307971,477740,23716.0,17.0,0.0
2016-06-10,289982086,565198,22898.0,51.0,1.0
2016-06-11,270326374,600227,21250.0,104.0,0.0
2016-06-12,255977572,216117,20160.0,22.0,0.0
2016-06-13,277175490,244064,21810.0,2.0,0.0
2016-06-14,302817289,230964,23783.0,1.0,1.0
2016-06-15,304295117,318590,23854.0,1.0,1.0
2016-06-16,304803636,442536,23843.0,8.0,0.0
2016-06-17,297410024,542206,23172.0,57.0,0.0
2016-06-18,286750774,373565,22271.0,83.0,0.0
2016-06-19,308436000,3130,24000.0,0.0,0.0
2016-06-20,309012000,12252,24000.0,0.0,0.0
2016-06-21,309588000,27633,24000.0,0.0,0.0
2016-06-22,310164000,49571,24000.0,0.0,0.0
2016-06-23,310740000,77399,24000.0,0.0,0.0
2016-06-24,311316000,110025,24000.0,0.0,0.0
2016-06-25,311892000,97086,24000.0,0.0,0.0
2016-06-26,312468000,38471,24000.0,0.0,0.0
2016-06-27,313044000,91630,24000.0,0.0,0.0
2016-06-28,313620000,149344,24000.0,0.0,0.0
2016-06-29,314196000,213989,24000.0,0.0,0.0
2016-06-30,314719498,286906,23995.0,0.0,1.0
2016-07-01,315032652,364805,23976.0,0.0,0.0
2016-07-02,315436879,312371,23962.0,1.0,0.0
2016-07-03,315867000,71687,23952.0,0.0,0.0
2016-07-04,316600408,167322,23964.0,0.0,0.0
2016-07-05,317334348,269468,23976.0,0.0,0.0
2016-07-06,317909772,377493,23976.0,0.0,0.0
2016-07-07,317780794,488370,23916.0,7.0,0.0
2016-07-08,311300019,580202,23344.0,48.0,1.0
2016-07-09,293556915,464576,21973.0,47.0,0.0
2016-07-10,294141541,81530,22024.0,0.0,0.0
2016-07-11,313481825,197236,23429.0,0.0,1.0
2016-07-12,320437443,315864,23906.0,0.0,1.0
2016-07-13,320608197,442189,23871.0,6.0,0.0
2016-07-14,313847957,546011,23287.0,45.0,0.0
2016-07-15,292616509,587161,21634.0,81.0,0.0
2016-07-16,273941345,480728,20221.0,72.0,0.0
2016-07-17,286549583,96217,21189.0,0.0,0.0
2016-07-18,313231852,200377,23121.0,0.0,0.0
2016-07-19,324738852,280869,23928.0,0.0,0.0
2016-07-20,324877913,400246,23892.0,4.0,0.0
2016-07-21,322059331,513952,23624.0,23.0,0.0
2016-07-22,307125397,582686,22439.0,71.0,1.0
2016-07-23,281476675,512544,20501.0,94.0,0.0
2016-07-24,283290723,170218,20691.0,0.0,0.0
2016-07-25,312795553,263867,22805.0,1.0,0.0
2016-07-26,329033248,242738,23948.0,0.0,0.0
2016-07-27,329704606,366928,23953.0,2.0,0.0
2016-07-28,328224570,490727,23789.0,17.0,0.0
2016-07-29,311803872,562723,22478.0,98.0,0.0
2016-07-30,317463665,185166,22907.0,38.0,0.0
2016-07-31,332628000,5486,24000.0,0.0,0.0
2016-08-01,333204000,16575,24000.0,0.0,0.0
2016-08-02,333780000,34368,24000.0,0.0,0.0
2016-08-03,334356000,58210,24000.0,0.0,0.0
2016-08-04,334932000,87747,24000.0,0.0,0.0
2016-08-05,335508000,122238,24000.0,0.0,0.0
2016-08-06,336084000,59451,24000.0,0.0,0.0
2016-08-07,336660000,55423,24000.0,0.0,0.0
2016-08-08,337236000,110400,24000.0,0.0,0.0
2016-08-09,337812000,169981,24000.0,0.0,0.0
2016-08-10,338388000,237491,24000.0,0.0,0.0
2016-08-11,338794446,312432,23987.0,0.0,1.0
2016-08-12,339200460,392229,23976.0,0.0,0.0
2016-08-13,339478251,185442,23954.0,1.0,0.0
2016-08-14,340010616,103324,23952.0,0.0,0.0
2016-08-15,340869844,201590,23972.0,0.0,0.0
2016-08-16,341502156,307167,23976.0,0.0,0.0
2016-08-17,342077580,418918,23976.0,0.0,0.0
2016-08-18,340594179,529175,23816.0,16.0,0.0
2016-08-19,327865290,598765,22846.0,57.0,0.0
2016-08-20,308311391,274883,21455.0,46.0,0.0
2016-08-21,318007973,114510,22140.0,0.0,0.0
2016-08-22,340436837,229243,23660.0,0.0,2.0
2016-08-23,344823949,348634,23926.0,1.0,0.0
2016-08-24,344069674,472662,23824.0,11.0,0.0
2016-08-25,335024211,567453,23123.0,47.0,0.0
2016-08-26,313795799,610185,21587.0,78.0,1.0
2016-08-27,295732772,309188,20332.0,53.0,0.0
2016-08-28,314476113,137035,21641.0,0.0,0.0
2016-08-29,343189336,226087,23578.0,0.0,0.0
2016-08-30,348741576,322305,23918.0,1.0,1.0
2016-08-31,348570836,444972,23865.0,4.0,0.0
2016-09-01,342164416,551738,23347.0,44.0,1.0
2016-09-02,319120167,598445,21694.0,86.0,1.0
2016-09-03,294753913,364990,20025.0,60.0,0.0
2016-09-04,311202806,210653,21166.0,4.0,1.0
2016-09-05,340966248,245939,23154.0,4.0,0.0
2016-09-06,349825372,276522,23721.0,0.0,0.0
2016-09-07,352137624,400728,23834.0,4.0,1.0
2016-09-08,346168559,509159,23355.0,42.0,0.0
2016-09-09,320970123,547324,21552.0,107.0,0.0
2016-09-10,356244000,1468,24000.0,0.0,0.0
2016-09-11,356820000,8554,24000.0,0.0,0.0
2016-09-12,357396000,21635,24000.0,0.0,0.0
2016-09-13,357972000,41698,24000.0,0.0,0.0
2016-09-14,358548000,67521,24000.0,0.0,0.0
2016-09-15,359124000,98693,24000.0,0.0,0.0
2016-09-16,359700000,135486,24000.0,0.0,0.0
2016-09-17,360276000,22204,24000.0,0.0,0.0
2016-09-18,360852000,73315,24000.0,0.0,0.0
2016-09-19,361428000,129556,24000.0,0.0,0.0
2016-09-20,362004000,191123,24000.0,0.0,0.0
2016-09-21,362580000,260460,24000.0,0.0,0.0
2016-09-22,362853330,338022,23979.0,0.0,1.0
2016-09-23,363307606,421707,23971.0,1.0,0.0
2016-09-24,363579384,58850,23952.0,0.0,0.0
2016-09-25,364184609,132588,23953.0,0.0,1.0
2016-09-26,364729080,231686,23952.0,0.0,0.0
2016-09-27,365303928,338568,23952.0,0.0,0.0
2016-09-28,365618969,450714,23932.0,3.0,0.0
2016-09-29,361036096,551178,23566.0,31.0,1.0
2016-09-30,342047182,602612,22248.0,74.0,0.0
2016-10-01,330170684,94909,21506.0,6.0,1.0
2016-10-02,349102038,153414,22711.0,0.0,0.0
2016-10-03,367782960,266066,23889.0,0.0,0.0
2016-10-04,368387180,385617,23888.0,3.0,0.0
2016-10-05,366643818,501727,23728.0,13.0,0.0
2016-10-06,355734380,583548,22942.0,57.0,0.0
2016-10-07,331823549,610509,21334.0,86.0,0.0
2016-10-08,320440966,127274,20637.0,15.0,1.0
2016-10-09,346561707,158100,22302.0,0.0,0.0
2016-10-10,371561970,242235,23874.0,0.0,0.0
2016-10-11,372743820,348416,23912.0,0.0,1.0
2016-10-12,372849295,462526,23879.0,4.0,0.0
2016-10-13,367729420,565240,23485.0,33.0,1.0
2016-10-14,348451542,619353,22172.0,80.0,0.0
2016-10-15,328976088,190051,20954.0,22.0,0.0
2016-10-16,348345094,204497,22176.0,1.0,0.0
2016-10-17,374723471,237145,23820.0,0.0,0.0
2016-10-18,376714009,332516,23910.0,0.0,0.0
2016-10-19,376830015,453309,23875.0,6.0,0.0
2016-10-20,370337134,555853,23392.0,42.0,0.0
2016-10-21,358686241,387855,22575.0,87.0,0.0
2016-10-22,380436000,2398,24000.0,0.0,0.0
2016-10-23,381012000,9427,24000.0,0.0,0.0
2016-10-24,381588000,21238,24000.0,0.0,0.0
2016-10-25,382164000,37647,24000.0,0.0,0.0
2016-10-26,382740000,58566,24000.0,0.0,0.0
2016-10-27,383316000,83432,24000.0,0.0,0.0
2016-10-28,383892000,73343,24000.0,0.0,0.0
2016-10-29,384468000,26962,24000.0,0.0,0.0
2016-10-30,385044000,65288,24000.0,0.0,0.0
2016-10-31,385620000,107976,24000.0,0.0,0.0
2016-11-01,386196000,155071,24000.0,0.0,0.0
2016-11-02,386723622,207698,23996.0,0.0,1.0
2016-11-03,386960652,264107,23976.0,0.0,0.0
2016-11-04,387536076,226325,23976.0,0.0,0.0
2016-11-05,388111500,49416,23976.0,0.0,0.0
2016-11-06,388476061,115377,23961.0,0.0,2.0
2016-11-07,388483044,188171,23928.0,0.0,0.0
2016-11-08,389057316,265640,23928.0,0.0,0.0
2016-11-09,389631588,345251,23928.0,0.0,0.0
2016-11-10,390205860,429074,23928.0,0.0,0.0
2016-11-11,390780132,382223,23928.0,0.0,0.0
2016-11-12,391354404,68548,23928.0,0.0,0.0
2016-11-13,391928676,165791,23927.0,0.0,1.0
2016-11-14,392109264,266250,23904.0,0.0,0.0
2016-11-15,392682960,370690,23904.0,0.0,0.0
2016-11-16,393289243,478396,23906.0,0.0,0.0
2016-11-17,394225764,589496,23927.0,1.0,0.0
2016-11-18,394040886,548798,23879.0,3.0,0.0
2016-11-19,393788052,85599,23832.0,0.0,0.0
2016-11-20,395236432,209597,23885.0,0.0,0.0
2016-11-21,397152499,337177,23965.0,0.0,1.0
2016-11-22,397495416,466468,23952.0,0.0,0.0
2016-11-23,397837488,603602,23936.0,1.0,1.0
2016-11-24,397030368,741571,23849.0,6.0,0.0
2016-11-25,387499700,708102,23197.0,52.0,0.0
2016-11-26,376877427,90345,22579.0,0.0,0.0
2016-11-27,386813578,233910,23141.0,0.0,0.0
2016-11-28,400927438,378311,23951.0,0.0,0.0
2016-11-29,401519352,529127,23952.0,0.0,0.0
2016-11-30,401590482,683707,23919.0,3.0,0.0
2016-12-01,389569216,803660,23091.0,81.0,1.0
2016-12-02,389310757,271376,23055.0,69.0,0.0
2016-12-03,404628000,3673,24000.0,0.0,0.0
2016-12-04,405204000,11285,24000.0,0.0,0.0
2016-12-05,405780000,23487,24000.0,0.0,0.0
2016-12-06,406356000,39322,24000.0,0.0,0.0
2016-12-07,406932000,58769,24000.0,0.0,0.0
2016-12-08,407508000,81751,24000.0,0.0,0.0
2016-12-09,408084000,39420,24000.0,0.0,0.0
2016-12-10,408660000,35255,24000.0,0.0,0.0
2016-12-11,409236000,70543,24000.0,0.0,0.0
2016-12-12,409812000,109759,24000.0,0.0,0.0
2016-12-13,410388000,153137,24000.0,0.0,0.0
2016-12-14,410775570,201971,23988.0,0.0,1.0
2016-12-15,411128460,254863,23976.0,0.0,0.0
2016-12-16,411703884,120847,23976.0,0.0,0.0
2016-12-17,412279308,65549,23976.0,0.0,0.0
2016-12-18,412355229,128875,23945.0,0.0,2.0
2016-12-19,412602468,198184,23928.0,0.0,0.0
2016-12-20,413176740,270170,23928.0,0.0,0.0
2016-12-21,413751012,344669,23928.0,0.0,0.0
2016-12-22,414325284,423976,23928.0,0.0,0.0
2016-12-23,414899556,214281,23928.0,0.0,0.0
2016-12-24,415473828,93322,23928.0,0.0,0.0
2016-12-25,415926328,186671,23920.0,0.0,1.0
2016-12-26,416204496,281143,23904.0,0.0,0.0
2016-12-27,416778192,381801,23904.0,0.0,0.0
2016-12-28,417526215,485405,23914.0,0.0,0.0
2016-12-29,418345188,592364,23928.0,0.0,0.0
2016-12-30,418919460,324880,23928.0,0.0,0.0
2016-12-31,419493732,121912,23928.0,0.0,0.0
2017-01-01,420541468,241731,23955.0,0.0,0.0
2017-01-02,421169607,364669,23957.0,0.0,1.0
2017-01-03,421639032,491961,23952.0,0.0,0.0
2017-01-04,421896531,626212,23933.0,0.0,1.0
2017-01-05,421729532,761502,23888.0,4.0,0.0
2017-01-06,417017257,443341,23578.0,14.0,1.0
2017-01-07,416009040,137993,23504.0,0.0,0.0
2017-01-08,421730433,282119,23795.0,0.0,0.0
2017-01-09,424662180,429040,23928.0,0.0,0.0
2017-01-10,425236452,582699,23928.0,0.0,0.0
2017-01-11,425169954,738834,23888.0,4.0,0.0
2017-01-12,413818769,863717,23138.0,85.0,0.0
2017-01-13,428244000,995,24000.0,0.0,0.0
2017-01-14,428820000,5759,24000.0,0.0,0.0
2017-01-15,429396000,14805,24000.0,0.0,0.0
2017-01-16,429972000,28455,24000.0,0.0,0.0
2017-01-17,430548000,45425,24000.0,0.0,0.0
2017-01-18,431124000,65720,24000.0,0.0,0.0
2017-01-19,431700000,90028,24000.0,0.0,0.0
2017-01-20,432276000,14215,24000.0,0.0,0.0
2017-01-21,432852000,46097,24000.0,0.0,0.0
2017-01-22,433428000,82163,24000.0,0.0,0.0
2017-01-23,434004000,122788,24000.0,0.0,0.0
2017-01-24,434580000,168023,24000.0,0.0,0.0
2017-01-25,434811454,218008,23980.0,0.0,1.0
2017-01-26,435296268,273018,23976.0,0.0,0.0
2017-01-27,435871692,38228,23976.0,0.0,0.0
2017-01-28,436447116,85621,23976.0,0.0,0.0
2017-01-29,436202269,151553,23929.0,0.0,2.0
2017-01-30,436721892,221868,23928.0,0.0,0.0
2017-01-31,437296164,294448,23928.0,0.0,0.0
2017-02-01,437870436,370705,23928.0,0.0,0.0
2017-02-02,438444708,451455,23928.0,0.0,0.0
2017-02-03,439018980,75808,23928.0,0.0,0.0
2017-02-04,439593252,123414,23928.0,0.0,0.0
2017-02-05,439891524,217530,23912.0,0.0,1.0
2017-02-06,440299728,313666,23904.0,0.0,0.0
2017-02-07,440873424,415206,23904.0,0.0,0.0
2017-02-08,441779251,519468,23922.0,0.0,0.0
2017-02-09,442057777,626654,23905.0,1.0,0.0
2017-02-10,442594512,129742,23904.0,0.0,0.0
2017-02-11,443557519,160521,23925.0,0.0,0.0
2017-02-12,444947887,282042,23968.0,0.0,1.0
2017-02-13,445207800,405694,23952.0,0.0,0.0
2017-02-14,445745403,535237,23949.0,0.0,1.0
2017-02-15,445910244,670865,23928.0,0.0,0.0
2017-02-16,444524620,802428,23810.0,13.0,0.0
2017-02-17,438221222,190488,23447.0,7.0,1.0
2017-02-18,439944281,185052,23517.0,0.0,0.0
2017-02-19,447513870,328495,23891.0,0.0,0.0
2017-02-20,448781604,477679,23928.0,0.0,0.0
2017-02-21,449355876,633578,23928.0,0.0,0.0
2017-02-22,447898709,786847,23803.0,17.0,0.0
2017-02-23,437966656,582654,23185.0,76.0,1.0
2017-02-24,452436000,2095,24000.0,0.0,0.0
2017-02-25,453012000,8284,24000.0,0.0,0.0
2017-02-26,453588000,18941,24000.0,0.0,0.0
2017-02-27,454164000,33607,24000.0,0.0,0.0
2017-02-28,454740000,51911,24000.0,0.0,0.0
2017-03-01,455316000,73591,24000.0,0.0,0.0
2017-03-02,455892000,64887,24000.0,0.0,0.0
2017-03-03,456468000,24622,24000.0,0.0,0.0
2017-03-04,457044000,58439,24000.0,0.0,0.0
2017-03-05,457620000,96358,24000.0,0.0,0.0
2017-03-06,458196000,138713,24000.0,0.0,0.0
2017-03-07,458714622,186306,23996.0,0.0,1.0
2017-03-08,458888652,238015,23976.0,0.0,0.0
2017-03-09,459464076,204738,23976.0,0.0,0.0
2017-03-10,460039500,45608,23976.0,0.0,0.0
2017-03-11,460365061,107292,23961.0,0.0,2.0
2017-03-12,460267044,175744,23928.0,0.0,0.0
2017-03-13,460841316,247838,23928.0,0.0,0.0
2017-03-14,461415588,322587,23928.0,0.0,0.0
2017-03-15,461989860,400671,23928.0,0.0,0.0
2017-03-16,462564132,356515,23928.0,0.0,0.0
2017-03-17,463138404,63677,23928.0,0.0,0.0
2017-03-18,463712676,155779,23928.0,0.0,0.0
2017-03-19,463840656,250008,23904.0,0.0,1.0
2017-03-20,464394960,349151,23904.0,0.0,0.0
2017-03-21,465007243,452572,23906.0,0.0,0.0
2017-03-22,466009764,558865,23928.0,0.0,0.0
2017-03-23,466584036,522938,23928.0,0.0,0.0
2017-03-24,467158308,83344,23928.0,0.0,0.0
2017-03-25,467947028,203268,23939.0,0.0,0.0
2017-03-26,469050499,327058,23965.0,0.0,1.0
2017-03-27,469351416,454017,23952.0,0.0,0.0
2017-03-28,469729999,587011,23941.0,0.0,1.0
2017-03-29,470029668,724773,23928.0,0.0,0.0
2017-03-30,465311611,702991,23631.0,28.0,0.0
2017-03-31,457551654,89796,23235.0,0.0,1.0
2017-04-01,462782222,233956,23473.0,0.0,0.0
2017-04-02,472286961,378644,23926.0,0.0,0.0
2017-04-03,472742856,530352,23919.0,0.0,1.0
2017-04-04,472941006,688053,23899.0,2.0,0.0
2017-04-05,464240797,825812,23379.0,53.0,1.0
2017-04-06,462331034,285575,23243.0,65.0,0.0
2017-04-07,476628000,4181,24000.0,0.0,0.0
2017-04-08,477204000,12819,24000.0,0.0,0.0
2017-04-09,477780000,26327,24000.0,0.0,0.0
2017-04-10,478356000,44090,24000.0,0.0,0.0
2017-04-11,478932000,65974,24000.0,0.0,0.0
2017-04-12,479508000,91702,24000.0,0.0,0.0
2017-04-13,480084000,43974,24000.0,0.0,0.0
2017-04-14,480660000,39439,24000.0,0.0,0.0
2017-04-15,481236000,79914,24000.0,0.0,0.0
2017-04-16,481812000,124164,24000.0,0.0,0.0
2017-04-17,482388000,173328,24000.0,0.0,0.0
2017-04-18,482742570,228945,23988.0,0.0,1.0
2017-04-19,483056460,288711,23976.0,0.0,0.0
2017-04-20,483631884,136541,23976.0,0.0,0.0
2017-04-21,484207308,72906,23976.0,0.0,0.0
2017-04-22,484479372,143502,23960.0,0.0,1.0
2017-04-23,484872312,221518,23952.0,0.0,0.0
2017-04-24,485447160,303515,23952.0,0.0,0.0
2017-04-25,486022008,389052,23952.0,0.0,0.0
2017-04-26,486596856,479703,23952.0,0.0,0.0
2017-04-27,487171704,242899,23952.0,0.0,0.0
2017-04-28,487746552,105433,23952.0,0.0,0.0
2017-04-29,488158236,210454,23943.0,0.0,1.0
2017-04-30,488406372,317364,23928.0,0.0,0.0
2017-05-01,488980644,432333,23928.0,0.0,0.0
2017-05-02,489738772,550381,23936.0,1.0,0.0
2017-05-03,487834482,668534,23802.0,13.0,1.0
2017-05-04,475731951,356002,23176.0,22.0,0.0
2017-05-05,475591485,136167,23164.0,0.0,0.0
2017-05-06,488932858,273298,23786.0,0.0,0.0
2017-05-07,492920184,417116,23952.0,0.0,0.0
2017-05-08,492423285,563151,23891.0,9.0,0.0
2017-05-09,478658404,681560,23145.0,59.0,1.0
2017-05-10,439107609,726072,21162.0,101.0,0.0
2017-05-11,395683748,371926,19058.0,80.0,0.0
2017-05-12,425188440,125303,20540.0,0.0,1.0
2017-05-13,483126555,243643,23313.0,0.0,0.0
2017-05-14,496176391,364420,23914.0,0.0,1.0
2017-05-15,494423390,498887,23789.0,13.0,1.0
2017-05-16,477544789,596458,22893.0,71.0,0.0
2017-05-17,421982833,580930,20119.0,150.0,0.0
2017-05-18,500244000,1468,24000.0,0.0,0.0
2017-05-19,500820000,8554,24000.0,0.0,0.0
2017-05-20,501396000,21635,24000.0,0.0,0.0
2017-05-21,501972000,41698,24000.0,0.0,0.0
2017-05-22,502548000,67521,24000.0,0.0,0.0
2017-05-23,503124000,98693,24000.0,0.0,0.0
2017-05-24,503700000,135450,24000.0,0.0,0.0
2017-05-25,504276000,22204,24000.0,0.0,0.0
2017-05-26,504852000,73315,24000.0,0.0,0.0
2017-05-27,505428000,129556,24000.0,0.0,0.0
2017-05-28,506004000,191424,24000.0,0.0,0.0
2017-05-29,506580000,261858,24000.0,0.0,0.0
2017-05-30,506733330,338276,23979.0,0.0,1.0
2017-05-31,507118443,420360,23970.0,1.0,0.0
2017-06-01,507291384,59691,23952.0,0.0,0.0
2017-06-02,507951036,135106,23956.0,0.0,0.0
2017-06-03,508950540,234749,23976.0,0.0,0.0
2017-06-04,509525964,340936,23976.0,0.0,0.0
2017-06-05,509867255,451717,23962.0,3.0,0.0
2017-06-06,504669271,556047,23663.0,30.0,1.0
2017-06-07,478880168,608699,22393.0,65.0,0.0
2017-06-08,464393183,96596,21750.0,4.0,0.0
2017-06-09,490283172,158324,22941.0,0.0,0.0
2017-06-10,511544516,275903,23907.0,0.0,2.0
2017-06-11,511926010,399420,23899.0,1.0,0.0
2017-06-12,506708607,517814,23600.0,30.0,0.0
2017-06-13,480717909,581806,22317.0,76.0,0.0
2017-06-14,442570688,594018,20503.0,90.0,0.0
2017-06-15,440055988,131807,20444.0,9.0,0.0
2017-06-16,484186079,169043,22479.0,0.0,0.0
2017-06-17,515388351,247890,23901.0,0.0,0.0
2017-06-18,516113835,361913,23906.0,1.0,1.0
2017-06-19,512904971,477740,23716.0,17.0,0.0
2017-06-20,496532086,565198,22898.0,51.0,1.0
2017-06-21,462512374,600227,21250.0,104.0,0.0
2017-06-22,437615572,216117,20160.0,22.0,0.0
2017-06-23,473483490,244064,21810.0,2.0,0.0
2017-06-24,516882289,230964,23783.0,1.0,1.0
2017-06-25,518999117,318590,23854.0,1.0,1.0
2017-06-26,519462636,442536,23843.0,8.0,0.0
2017-06-27,506471024,542206,23172.0,57.0,0.0
2017-06-28,487936774,373555,22271.0,83.0,0.0
2017-06-29,524436000,2992,24000.0,0.0,0.0
2017-06-30,525012000,11882,24000.0,0.0,0.0
2017-07-01,525588000,27427,24000.0,0.0,0.0
2017-07-02,526164000,50179,24000.0,0.0,0.0
2017-07-03,526740000,77205,24000.0,0.0,0.0
2017-07-04,527316000,111120,24000.0,0.0,0.0
2017-07-05,527892000,98227,24000.0,0.0,0.0
2017-07-06,528468000,37929,24000.0,0.0,0.0
2017-07-07,529044000,91074,24000.0,0.0,0.0
2017-07-08,529620000,151388,24000.0,0.0,0.0
2017-07-09,530196000,218667,24000.0,0.0,0.0
2017-07-10,530772000,289607,24000.0,0.0,0.0
2017-07-11,531348000,366354,24000.0,0.0,0.0
2017-07-12,531924000,313100,24000.0,0.0,0.0
2017-07-13,532500000,69846,24000.0,0.0,0.0
2017-07-14,533076000,167375,24000.0,0.0,0.0
2017-07-15,533652000,271800,24000.0,0.0,0.0
2017-07-16,534228000,380781,24000.0,0.0,0.0
2017-07-17,532864788,489482,23902.0,10.0,1.0
2017-07-18,520142039,574392,23279.0,38.0,0.0
2017-07-19,489748285,461824,21861.0,70.0,0.0
2017-07-20,486567564,78784,21765.0,0.0,0.0
2017-07-21,518980910,193100,23190.0,0.0,0.0
2017-07-22,537146316,310748,23976.0,0.0,0.0
2017-07-23,537138386,433536,23943.0,7.0,0.0
2017-07-24,528304798,542109,23498.0,33.0,0.0
2017-07-25,500233708,601834,22183.0,73.0,1.0
2017-07-26,459974783,487354,20356.0,88.0,0.0
2017-07-27,467745198,96748,20766.0,0.0,1.0
2017-07-28,517082066,197558,22933.0,0.0,0.0
2017-07-29,540090852,276198,23928.0,0.0,0.0
2017-07-30,540416462,397362,23914.0,3.0,0.0
2017-07-31,535470118,513508,23649.0,24.0,0.0
2017-08-01,511128382,584791,22501.0,71.0,1.0
2017-08-02,467466870,512342,20533.0,90.0,0.0
2017-08-03,469623204,173676,20695.0,1.0,0.0
2017-08-04,517004464,260694,22754.0,6.0,0.0
2017-08-05,540768031,234336,23781.0,0.0,0.0
2017-08-06,542795617,357565,23844.0,1.0,0.0
2017-08-07,542683777,482309,23797.0,18.0,0.0
2017-08-08,520372035,559424,22734.0,78.0,0.0
2017-08-09,527484210,188544,23063.0,36.0,0.0
2017-08-10,548628000,5578,24000.0,0.0,0.0
2017-08-11,549204000,17231,24000.0,0.0,0.0
2017-08-12,549780000,35644,24000.0,0.0,0.0
2017-08-13,550356000,58806,24000.0,0.0,0.0
2017-08-14,550932000,89251,24000.0,0.0,0.0
2017-08-15,551508000,124962,24000.0,0.0,0.0
2017-08-16,552084000,60502,24000.0,0.0,0.0
2017-08-17,552660000,57143,24000.0,0.0,0.0
2017-08-18,553236000,113074,24000.0,0.0,0.0
2017-08-19,553812000,175490,24000.0,0.0,0.0
2017-08-20,554388000,241386,24000.0,0.0,0.0
2017-08-21,554964000,314362,24000.0,0.0,0.0
2017-08-22,555192720,393607,23984.0,1.0,0.0
2017-08-23,555559884,185322,23976.0,0.0,0.0
2017-08-24,556297637,101760,23982.0,0.0,1.0
2017-08-25,556710732,202763,23976.0,0.0,0.0
2017-08-26,557286156,306477,23976.0,0.0,0.0
2017-08-27,557861580,414744,23976.0,0.0,0.0
2017-08-28,555874402,523944,23853.0,13.0,0.0
2017-08-29,535227125,594964,22889.0,67.0,0.0
2017-08-30,503081472,272077,21523.0,32.0,0.0
2017-08-31,519650943,119213,22242.0,0.0,0.0
2017-09-01,555990982,234473,23773.0,0.0,0.0
2017-09-02,561314124,358124,23976.0,0.0,0.0
2017-09-03,558490436,478764,23812.0,19.0,0.0
2017-09-04,539964753,567694,22961.0,56.0,0.0
2017-09-05,505666447,607031,21454.0,79.0,0.0
2017-09-06,476517913,304811,20219.0,52.0,0.0
2017-09-07,506609050,131985,21529.0,0.0,0.0
2017-09-08,556168913,220254,23611.0,0.0,0.0
2017-09-09,565908000,314412,24000.0,0.0,0.0
2017-09-10,565303464,436169,23941.0,9.0,0.0
2017-09-11,551983829,534786,23322.0,39.0,1.0
2017-09-12,523238639,594681,22053.0,70.0,0.0
2017-09-13,490979616,364982,20682.0,56.0,0.0
2017-09-14,512406935,213218,21620.0,1.0,0.0
2017-09-15,556742826,252831,23464.0,4.0,0.0
2017-09-16,566639095,286909,23861.0,0.0,0.0
2017-09-17,568471537,416643,23912.0,2.0,0.0
2017-09-18,560763168,532597,23527.0,38.0,1.0
2017-09-19,521879697,579826,21794.0,115.0,1.0
2017-09-20,572244000,1264,24000.0,0.0,0.0
2017-09-21,572820000,8573,24000.0,0.0,0.0
2017-09-22,573396000,21372,24000.0,0.0,0.0
2017-09-23,573972000,41777,24000.0,0.0,0.0
2017-09-24,574548000,67276,24000.0,0.0,0.0
2017-09-25,575124000,98195,24000.0,0.0,0.0
2017-09-26,575700000,137988,24000.0,0.0,0.0
2017-09-27,576276000,21931,24000.0,0.0,0.0
2017-09-28,576852000,72730,24000.0,0.0,0.0
2017-09-29,577428000,131303,24000.0,0.0,0.0
2017-09-30,578004000,195651,24000.0,0.0,0.0
2017-10-01,578580000,264413,24000.0,0.0,0.0
2017-10-02,579156000,339140,24000.0,0.0,0.0
2017-10-03,579732000,417282,24000.0,0.0,0.0
2017-10-04,579945240,56852,23984.0,0.0,1.0
2017-10-05,580303116,126596,23976.0,0.0,0.0
2017-10-06,580878540,220290,23976.0,0.0,0.0
2017-10-07,581453964,319588,23976.0,0.0,0.0
2017-10-08,582029388,418161,23976.0,0.0,0.0
2017-10-09,581851297,521504,23939.0,6.0,0.0
2017-10-10,572500586,608695,23503.0,34.0,0.0
2017-10-11,558263748,96299,22924.0,5.0,0.0
2017-10-12,567880149,153291,23301.0,0.0,0.0
2017-10-13,584589157,272069,23963.0,0.0,0.0
2017-10-14,585481932,392312,23976.0,0.0,0.0
2017-10-15,585030449,516059,23928.0,6.0,0.0
2017-10-16,574715467,619263,23456.0,33.0,0.0
2017-10-17,549022949,689476,22350.0,67.0,0.0
2017-10-18,529607904,134480,21589.0,13.0,1.0
2017-10-19,555794895,165668,22649.0,0.0,0.0
2017-10-20,587926705,277063,23935.0,0.0,0.0
2017-10-21,589509900,402282,23976.0,0.0,0.0
2017-10-22,589223623,533534,23934.0,7.0,0.0
2017-10-23,577404966,643868,23396.0,42.0,0.0
2017-10-24,533503249,678407,21525.0,110.0,0.0
2017-10-25,494607226,171556,20009.0,29.0,0.0
2017-10-26,536745436,178318,21724.0,0.0,0.0
2017-10-27,590290384,255492,23868.0,0.0,0.0
2017-10-28,593389281,369129,23969.0,1.0,0.0
2017-10-29,592923643,495645,23919.0,9.0,0.0
2017-10-30,580697562,598626,23364.0,48.0,0.0
2017-10-31,553484063,400257,22191.0,102.0,0.0
2017-11-01,596436000,2379,24000.0,0.0,0.0
2017-11-02,597012000,9015,24000.0,0.0,0.0
2017-11-03,597588000,19633,24000.0,0.0,0.0
2017-11-04,598164000,34739,24000.0,0.0,0.0
2017-11-05,598740000,53077,24000.0,0.0,0.0
2017-11-06,599316000,75905,24000.0,0.0,0.0
2017-11-07,599892000,66878,24000.0,0.0,0.0
2017-11-08,600468000,26124,24000.0,0.0,0.0
2017-11-09,601044000,62392,24000.0,0.0,0.0
2017-11-10,601620000,102363,24000.0,0.0,0.0
2017-11-11,602196000,146652,24000.0,0.0,0.0
2017-11-12,602772000,193417,24000.0,0.0,0.0
2017-11-13,603348000,244027,24000.0,0.0,0.0
2017-11-14,603924000,208220,24000.0,0.0,0.0
2017-11-15,604500000,47183,24000.0,0.0,0.0
2017-11-16,605076000,111997,24000.0,0.0,0.0
2017-11-17,605652000,180556,24000.0,0.0,0.0
2017-11-18,606228000,252925,24000.0,0.0,0.0
2017-11-19,606804000,328678,24000.0,0.0,0.0
2017-11-20,607380000,408070,24000.0,0.0,0.0
2017-11-21,607956000,362148,24000.0,0.0,0.0
2017-11-22,608532000,65897,24000.0,0.0,0.0
2017-11-23,609108000,161349,24000.0,0.0,0.0
2017-11-24,609684000,258407,24000.0,0.0,0.0
2017-11-25,610260000,357334,24000.0,0.0,0.0
2017-11-26,610836000,461174,24000.0,0.0,0.0
2017-11-27,611412000,569889,24000.0,0.0,0.0
2017-11-28,611988000,533034,23999.0,0.0,1.0
2017-11-29,611951436,81547,23976.0,0.0,0.0
2017-11-30,612526860,201487,23976.0,0.0,0.0
2017-12-01,613102284,326447,23976.0,0.0,0.0
2017-12-02,613677708,454178,23976.0,0.0,0.0
2017-12-03,614150614,587281,23971.0,0.0,1.0
2017-12-04,614059197,720815,23945.0,1.0,0.0
2017-12-05,608960269,701028,23705.0,20.0,0.0
2017-12-06,602542747,93154,23453.0,0.0,0.0
2017-12-07,608300274,238398,23655.0,0.0,0.0
2017-12-08,616512504,388564,23952.0,0.0,0.0
2017-12-09,617087352,544496,23952.0,0.0,0.0
2017-12-10,616939946,701454,23918.0,5.0,1.0
2017-12-11,604580506,838247,23370.0,53.0,0.0
2017-12-12,603341359,292228,23305.0,48.0,0.0
2017-12-13,620628000,4089,24000.0,0.0,0.0
2017-12-14,621204000,11885,24000.0,0.0,0.0
2017-12-15,621780000,24282,24000.0,0.0,0.0
2017-12-16,622356000,39800,24000.0,0.0,0.0
2017-12-17,622932000,60298,24000.0,0.0,0.0
2017-12-18,623508000,84201,24000.0,0.0,0.0
2017-12-19,624084000,40787,24000.0,0.0,0.0
2017-12-20,624165430,37936,23980.0,0.0,1.0
2017-12-21,624610764,74255,23976.0,0.0,0.0
2017-12-22,625186188,115744,23976.0,0.0,0.0
2017-12-23,625761612,158977,23976.0,0.0,0.0
2017-12-24,626337036,206287,23976.0,0.0,0.0
2017-12-25,626912460,257254,23976.0,0.0,0.0
2017-12-26,627487884,121556,23976.0,0.0,0.0
2017-12-27,628063308,67587,23976.0,0.0,0.0
2017-12-28,628638732,132874,23976.0,0.0,0.0
2017-12-29,629214156,201335,23976.0,0.0,0.0
2017-12-30,629789580,272593,23976.0,0.0,0.0
2017-12-31,630365004,347849,23976.0,0.0,0.0
2018-01-01,630940428,425973,23976.0,0.0,0.0
2018-01-02,631515852,215627,23976.0,0.0,0.0
2018-01-03,632565535,95431,23994.0,0.0,0.0
2018-01-04,633300000,188147,24000.0,0.0,0.0
2018-01-05,633876000,283639,24000.0,0.0,0.0
2018-01-06,634452000,383921,24000.0,0.0,0.0
2018-01-07,635028000,489064,24000.0,0.0,0.0
2018-01-08,635498026,596952,23995.0,0.0,1.0
2018-01-09,635543820,326303,23976.0,0.0,0.0
2018-01-10,636119244,117085,23976.0,0.0,0.0
2018-01-11,636694668,238834,23976.0,0.0,0.0
2018-01-12,637270092,362421,23976.0,0.0,0.0
2018-01-13,637419732,491265,23958.0,0.0,2.0
2018-01-14,637142820,620853,23928.0,0.0,0.0
2018-01-15,635637985,752168,23843.0,7.0,0.0
2018-01-16,625379356,437324,23425.0,19.0,0.0
2018-01-17,624100793,137000,23375.0,0.0,0.0
2018-01-18,635191016,281814,23769.0,0.0,0.0
2018-01-19,640014180,431588,23928.0,0.0,0.0
2018-01-20,640160044,583348,23911.0,0.0,1.0
2018-01-21,639581464,738884,23862.0,7.0,0.0
2018-01-22,618131406,857342,22960.0,88.0,0.0
2018-01-23,644244000,1287,24000.0,0.0,0.0
2018-01-24,644820000,6417,24000.0,0.0,0.0
2018-01-25,645396000,15343,24000.0,0.0,0.0
2018-01-26,645972000,28694,24000.0,0.0,0.0
2018-01-27,646548000,45602,24000.0,0.0,0.0
2018-01-28,647124000,66561,24000.0,0.0,0.0
2018-01-29,647700000,91944,24000.0,0.0,0.0
2018-01-30,648276000,15464,24000.0,0.0,0.0
2018-01-31,648852000,49713,24000.0,0.0,0.0
2018-02-01,649428000,88004,24000.0,0.0,0.0
2018-02-02,650004000,130934,24000.0,0.0,0.0
2018-02-03,650580000,175872,24000.0,0.0,0.0
2018-02-04,651156000,224538,24000.0,0.0,0.0
2018-02-05,651732000,277737,24000.0,0.0,0.0
2018-02-06,652308000,39369,24000.0,0.0,0.0
2018-02-07,652884000,89740,24000.0,0.0,0.0
2018-02-08,653460000,156119,24000.0,0.0,0.0
2018-02-09,654036000,226925,24000.0,0.0,0.0
2018-02-10,654612000,299840,24000.0,0.0,0.0
2018-02-11,655188000,376604,24000.0,0.0,0.0
2018-02-12,655764000,457314,24000.0,0.0,0.0
2018-02-13,656340000,76985,24000.0,0.0,0.0
2018-02-14,656916000,127110,24000.0,0.0,0.0
2018-02-15,657492000,222972,24000.0,0.0,0.0
2018-02-16,658068000,318647,24000.0,0.0,0.0
2018-02-17,658644000,420428,24000.0,0.0,0.0
2018-02-18,659220000,526035,24000.0,0.0,0.0
2018-02-19,659796000,636596,24000.0,0.0,0.0
2018-02-20,659849158,130308,23980.0,0.0,1.0
2018-02-21,660287052,159914,23976.0,0.0,0.0
2018-02-22,660862476,281816,23976.0,0.0,0.0
2018-02-23,661437900,407410,23976.0,0.0,0.0
2018-02-24,662013324,537941,23976.0,0.0,0.0
2018-02-25,661593730,668611,23937.0,2.0,1.0
2018-02-26,657908231,796672,23771.0,15.0,0.0
2018-02-27,646271014,189910,23335.0,10.0,0.0
2018-02-28,649962589,186102,23458.0,0.0,0.0
2018-03-01,663059886,332055,23910.0,0.0,0.0
2018-03-02,664799736,484830,23952.0,0.0,0.0
2018-03-03,665180068,639484,23943.0,1.0,1.0
2018-03-04,661194307,789675,23760.0,21.0,0.0
2018-03-05,644125052,578997,23067.0,80.0,0.0
2018-03-06,668436000,2344,24000.0,0.0,0.0
2018-03-07,669012000,8838,24000.0,0.0,0.0
2018-03-08,669588000,19224,24000.0,0.0,0.0
2018-03-09,670164000,34125,24000.0,0.0,0.0
2018-03-10,670740000,52477,24000.0,0.0,0.0
2018-03-11,671316000,75139,24000.0,0.0,0.0
2018-03-12,671892000,66197,24000.0,0.0,0.0
2018-03-13,672468000,26034,24000.0,0.0,0.0
2018-03-14,673044000,61825,24000.0,0.0,0.0
2018-03-15,673620000,101388,24000.0,0.0,0.0
2018-03-16,674196000,145494,24000.0,0.0,0.0
2018-03-17,674772000,192129,24000.0,0.0,0.0
2018-03-18,675348000,242606,24000.0,0.0,0.0
2018-03-19,675924000,207139,24000.0,0.0,0.0
2018-03-20,676500000,47505,24000.0,0.0,0.0
2018-03-21,677076000,112363,24000.0,0.0,0.0
2018-03-22,677652000,180956,24000.0,0.0,0.0
2018-03-23,678228000,252929,24000.0,0.0,0.0
2018-03-24,678804000,328149,24000.0,0.0,0.0
2018-03-25,679380000,407275,24000.0,0.0,0.0
2018-03-26,679956000,361886,24000.0,0.0,0.0
2018-03-27,680532000,65703,24000.0,0.0,0.0
2018-03-28,681108000,160378,24000.0,0.0,0.0
2018-03-29,681684000,256945,24000.0,0.0,0.0
2018-03-30,682260000,355615,24000.0,0.0,0.0
2018-03-31,682836000,459156,24000.0,0.0,0.0
2018-04-01,683412000,567734,24000.0,0.0,0.0
2018-04-02,683988000,531751,23999.0,0.0,1.0
2018-04-03,683879436,82021,23976.0,0.0,0.0
2018-04-04,684454860,203201,23976.0,0.0,0.0
2018-04-05,685030284,328931,23976.0,0.0,0.0
2018-04-06,685605708,459095,23976.0,0.0,0.0
2018-04-07,686181132,595683,23976.0,0.0,0.0
2018-04-08,686727901,733646,23974.0,1.0,0.0
2018-04-09,678587059,710712,23647.0,24.0,0.0
2018-04-10,670692504,95686,23376.0,0.0,0.0
2018-04-11,679322648,244539,23657.0,0.0,0.0
2018-04-12,689058252,399448,23976.0,0.0,0.0
2018-04-13,689633676,559708,23976.0,0.0,0.0
2018-04-14,687416119,718674,23869.0,9.0,1.0
2018-04-15,662141783,838000,22883.0,99.0,0.0
2018-04-16,661090939,277134,22859.0,67.0,0.0
2018-04-17,692628000,4448,24000.0,0.0,0.0
2018-04-18,693204000,12757,24000.0,0.0,0.0
2018-04-19,693780000,26147,24000.0,0.0,0.0
2018-04-20,694356000,44191,24000.0,0.0,0.0
2018-04-21,694932000,66030,24000.0,0.0,0.0
2018-04-22,695508000,92495,24000.0,0.0,0.0
2018-04-23,696084000,44335,24000.0,0.0,0.0
2018-04-24,696660000,41271,24000.0,0.0,0.0
2018-04-25,697236000,83679,24000.0,0.0,0.0
2018-04-26,697812000,130458,24000.0,0.0,0.0
2018-04-27,698388000,180130,24000.0,0.0,0.0
2018-04-28,698964000,233048,24000.0,0.0,0.0
2018-04-29,699540000,291693,24000.0,0.0,0.0
2018-04-30,700116000,137376,24000.0,0.0,0.0
2018-05-01,700692000,75606,24000.0,0.0,0.0
2018-05-02,701268000,150922,24000.0,0.0,0.0
2018-05-03,701844000,234009,24000.0,0.0,0.0
2018-05-04,702420000,321296,24000.0,0.0,0.0
2018-05-05,702996000,413533,24000.0,0.0,0.0
2018-05-06,703572000,512451,24000.0,0.0,0.0
2018-05-07,703121010,260947,23963.0,2.0,0.0
2018-05-08,703314552,119314,23952.0,0.0,0.0
2018-05-09,704859205,237044,23985.0,0.0,0.0
2018-05-10,705876000,360076,24000.0,0.0,0.0
2018-05-11,706186989,490332,23988.0,3.0,0.0
2018-05-12,699661866,612778,23724.0,26.0,0.0
2018-05-13,669154538,692927,22634.0,62.0,0.0
2018-05-14,618356330,340678,20896.0,59.0,1.0
2018-05-15,638648122,125454,21626.0,0.0,0.0
2018-05-16,696829885,250291,23577.0,0.0,0.0
2018-05-17,709198092,381516,23976.0,0.0,0.0
2018-05-18,705717114,511935,23824.0,15.0,0.0
2018-05-19,688985569,623523,23210.0,45.0,0.0
2018-05-20,640230429,664598,21488.0,104.0,0.0
2018-05-21,583713588,353956,19608.0,62.0,0.0
2018-05-22,622263617,142195,20952.0,0.0,0.0
2018-05-23,697729350,234213,23474.0,0.0,0.0
2018-05-24,712452507,325115,23948.0,0.0,2.0
2018-05-25,710317815,455774,23851.0,8.0,0.0
2018-05-26,693249744,561883,23217.0,49.0,1.0
2018-05-27,626321175,571696,20847.0,157.0,0.0
2018-05-28,716244000,1589,24000.0,0.0,0.0
2018-05-29,716820000,8593,24000.0,0.0,0.0
2018-05-30,717396000,22299,24000.0,0.0,0.0
2018-05-31,717972000,41181,24000.0,0.0,0.0
2018-06-01,718548000,66640,24000.0,0.0,0.0
2018-06-02,719124000,98471,24000.0,0.0,0.0
2018-06-03,719700000,136289,24000.0,0.0,0.0
2018-06-04,720276000,23718,24000.0,0.0,0.0
2018-06-05,720852000,76427,24000.0,0.0,0.0
2018-06-06,721428000,134421,24000.0,0.0,0.0
2018-06-07,722004000,197623,24000.0,0.0,0.0
2018-06-08,722580000,266651,24000.0,0.0,0.0
2018-06-09,723156000,341912,24000.0,0.0,0.0
2018-06-10,723732000,422913,24000.0,0.0,0.0
2018-06-11,724308000,60228,24000.0,0.0,0.0
2018-06-12,724884000,135792,24000.0,0.0,0.0
2018-06-13,724946073,238264,23982.0,0.0,1.0
2018-06-14,725309964,343638,23976.0,0.0,0.0
2018-06-15,725128326,455303,23946.0,5.0,0.0
2018-06-16,712582037,550275,23487.0,31.0,0.0
2018-06-17,674239123,598979,22159.0,76.0,0.0
2018-06-18,653533406,93198,21527.0,8.0,0.0
2018-06-19,691954017,153126,22783.0,0.0,0.0
2018-06-20,728093396,268889,23954.0,0.0,0.0
2018-06-21,729155361,389746,23969.0,1.0,0.0
2018-06-22,724798058,508245,23791.0,17.0,0.0
2018-06-23,695721924,588101,22764.0,71.0,0.0
2018-06-24,641476282,608937,20957.0,80.0,1.0
2018-06-25,627977925,138960,20561.0,18.0,0.0
2018-06-26,685978050,175001,22461.0,0.0,1.0
2018-06-27,729977886,252332,23884.0,0.0,0.0
2018-06-28,732325855,366006,23941.0,1.0,0.0
2018-06-29,730696097,491180,23859.0,10.0,1.0
2018-06-30,708719209,582875,23081.0,53.0,0.0
2018-07-01,653195728,607307,21207.0,98.0,0.0
2018-07-02,624224458,224201,20323.0,21.0,0.0
2018-07-03,678021327,250476,22073.0,7.0,0.0
2018-07-04,725508623,235319,23604.0,3.0,1.0
2018-07-05,729151356,329259,23708.0,0.0,0.0
2018-07-06,732120437,455017,23773.0,13.0,0.0
2018-07-07,708662128,547068,22940.0,66.0,0.0
2018-07-08,685948045,379110,22182.0,69.0,0.0
2018-07-09,740436000,3600,24000.0,0.0,0.0
2018-07-10,741012000,12402,24000.0,0.0,0.0
2018-07-11,741588000,27931,24000.0,0.0,0.0
2018-07-12,742164000,49736,24000.0,0.0,0.0
2018-07-13,742740000,77184,24000.0,0.0,0.0
2018-07-14,743316000,111698,24000.0,0.0,0.0
2018-07-15,743892000,98184,24000.0,0.0,0.0
2018-07-16,744468000,38836,24000.0,0.0,0.0
2018-07-17,745044000,93032,24000.0,0.0,0.0
2018-07-18,745620000,153734,24000.0,0.0,0.0
2018-07-19,746196000,217588,24000.0,0.0,0.0
2018-07-20,746772000,288495,24000.0,0.0,0.0
2018-07-21,747348000,366014,24000.0,0.0,0.0
2018-07-22,747238381,312249,23977.0,1.0,0.0
2018-07-23,747751500,70338,23976.0,0.0,0.0
2018-07-24,748514107,166412,23981.0,0.0,1.0
2018-07-25,748902348,268733,23976.0,0.0,0.0
2018-07-26,749477772,375202,23976.0,0.0,0.0
2018-07-27,748113195,485566,23905.0,9.0,0.0
2018-07-28,733157163,577836,23379.0,39.0,0.0
2018-07-29,691075725,464696,21999.0,58.0,0.0
2018-07-30,688347291,80490,21953.0,0.0,0.0
2018-07-31,732523260,195746,23344.0,0.0,0.0
2018-08-01,752930316,315388,23976.0,0.0,0.0
2018-08-02,751902693,440131,23920.0,5.0,0.0
2018-08-03,738479403,549085,23445.0,35.0,0.0
2018-08-04,694943784,605079,22003.0,76.0,0.0
2018-08-05,642080724,492880,20291.0,92.0,1.0
2018-08-06,656571617,99786,20828.0,0.0,0.0
2018-08-07,723131885,200944,22921.0,1.0,0.0
2018-08-08,756200568,278119,23952.0,0.0,0.0
2018-08-09,756459335,398993,23939.0,3.0,0.0
2018-08-10,748907009,512498,23663.0,22.0,0.0
2018-08-11,715265915,581530,22525.0,79.0,0.0
2018-08-12,654815701,508511,20593.0,85.0,0.0
2018-08-13,657440150,168897,20745.0,0.0,0.0
2018-08-14,725174881,259166,22861.0,4.0,0.0
2018-08-15,757304430,237927,23859.0,0.0,1.0
2018-08-16,758829949,363515,23889.0,1.0,0.0
2018-08-17,756732648,486067,23789.0,17.0,0.0
2018-08-18,725139108,566334,22716.0,79.0,0.0
2018-08-19,733242615,188231,22981.0,51.0,0.0
2018-08-20,764628000,5376,24000.0,0.0,0.0
2018-08-21,765204000,16763,24000.0,0.0,0.0
2018-08-22,765780000,34904,24000.0,0.0,0.0
2018-08-23,766356000,58561,24000.0,0.0,0.0
2018-08-24,766932000,89097,24000.0,0.0,0.0
2018-08-25,767508000,124426,24000.0,0.0,0.0
2018-08-26,768084000,59881,24000.0,0.0,0.0
2018-08-27,767987391,56410,23978.0,0.0,1.0
2018-08-28,768466764,111579,23976.0,0.0,0.0
2018-08-29,769042188,174154,23976.0,0.0,0.0
2018-08-30,769617612,241486,23976.0,0.0,0.0
2018-08-31,770193036,313261,23976.0,0.0,0.0
2018-09-01,770446915,391194,23965.0,1.0,0.0
2018-09-02,769863973,184075,23929.0,1.0,0.0
2018-09-03,770663701,101501,23937.0,0.0,0.0
2018-09-04,772108012,201844,23963.0,0.0,1.0
2018-09-05,772296312,305465,23952.0,0.0,0.0
2018-09-06,772709775,413827,23946.0,1.0,0.0
2018-09-07,768020064,520096,23765.0,19.0,0.0
2018-09-08,742284704,596386,22917.0,53.0,0.0
2018-09-09,702024333,274928,21674.0,34.0,0.0
2018-09-10,723032620,118671,22341.0,0.0,0.0
2018-09-11,769623786,235921,23763.0,0.0,0.0
2018-09-12,777098124,358168,23976.0,0.0,0.0
2018-09-13,775240288,482348,23884.0,17.0,0.0
2018-09-14,747507323,567331,22977.0,52.0,0.0
2018-09-15,692641053,599477,21228.0,94.0,1.0
2018-09-16,651513074,298077,19993.0,49.0,0.0
2018-09-17,698808981,131050,21481.0,0.0,0.0
2018-09-18,769220766,218772,23628.0,0.0,0.0
2018-09-19,781126092,312753,23976.0,0.0,0.0
2018-09-20,780918904,434460,23949.0,3.0,0.0
2018-09-21,770692890,544896,23589.0,32.0,0.0
2018-09-22,733283752,610800,22384.0,74.0,0.0
2018-09-23,673275301,369646,20542.0,63.0,0.0
2018-09-24,696531728,212648,21298.0,3.0,0.0
2018-09-25,763897353,248053,23340.0,4.0,0.0
2018-09-26,779914387,283381,23816.0,0.0,0.0
2018-09-27,783566412,412351,23906.0,4.0,0.0
2018-09-28,776268209,530954,23639.0,31.0,0.0
2018-09-29,721006039,574784,21842.0,126.0,1.0
2018-09-30,788244000,1628,24000.0,0.0,0.0
2018-10-01,788820000,8405,24000.0,0.0,0.0
2018-10-02,789396000,20592,24000.0,0.0,0.0
2018-10-03,789972000,36875,24000.0,0.0,0.0
2018-10-04,790548000,57962,24000.0,0.0,0.0
2018-10-05,791124000,84062,24000.0,0.0,0.0
2018-10-06,791700000,113808,24000.0,0.0,0.0
2018-10-07,792276000,17193,24000.0,0.0,0.0
2018-10-08,792852000,57986,24000.0,0.0,0.0
2018-10-09,793428000,102211,24000.0,0.0,0.0
2018-10-10,794004000,151213,24000.0,0.0,0.0
2018-10-11,794580000,204215,24000.0,0.0,0.0
2018-10-12,795156000,260670,24000.0,0.0,0.0
2018-10-13,795732000,322013,24000.0,0.0,0.0
2018-10-14,796308000,45348,24000.0,0.0,0.0
2018-10-15,796884000,101342,24000.0,0.0,0.0
2018-10-16,797460000,177742,24000.0,0.0,0.0
2018-10-17,798036000,256287,24000.0,0.0,0.0
2018-10-18,798612000,340549,24000.0,0.0,0.0
2018-10-19,799188000,429073,24000.0,0.0,0.0
2018-10-20,799764000,521262,24000.0,0.0,0.0
2018-10-21,799606333,88146,23977.0,1.0,0.0
2018-10-22,800115084,144336,23976.0,0.0,0.0
2018-10-23,801391795,249320,23997.0,0.0,0.0
2018-10-24,802068000,359997,24000.0,0.0,0.0
2018-10-25,802644000,474335,24000.0,0.0,0.0
2018-10-26,802349692,595337,23971.0,3.0,0.0
2018-10-27,795824119,709362,23744.0,17.0,1.0
2018-10-28,781581317,141574,23311.0,9.0,0.0
2018-10-29,787440295,172016,23477.0,0.0,1.0
2018-10-30,803006470,305403,23925.0,0.0,0.0
2018-10-31,804487800,443681,23952.0,0.0,0.0
2018-11-01,803718087,585046,23909.0,2.0,1.0
2018-11-02,792652697,712818,23534.0,32.0,0.0
2018-11-03,749794281,785511,22185.0,91.0,0.0
2018-11-04,699470989,176307,20743.0,23.0,0.0
2018-11-05,740216794,172948,21960.0,0.0,0.0
2018-11-06,804326904,301063,23845.0,0.0,0.0
2018-11-07,807667837,438438,23926.0,1.0,0.0
2018-11-08,806992125,579768,23886.0,4.0,0.0
2018-11-09,785725383,692513,23174.0,69.0,1.0
2018-11-10,746578024,465779,21956.0,114.0,0.0
2018-11-11,812436000,2481,24000.0,0.0,0.0
2018-11-12,813012000,8735,24000.0,0.0,0.0
2018-11-13,813588000,19895,24000.0,0.0,0.0
2018-11-14,814164000,34391,24000.0,0.0,0.0
2018-11-15,814740000,53660,24000.0,0.0,0.0
2018-11-16,815316000,76645,24000.0,0.0,0.0
2018-11-17,815892000,67419,24000.0,0.0,0.0
2018-11-18,816025675,26502,23986.0,0.0,1.0
2018-11-19,816226956,62034,23976.0,0.0,0.0
2018-11-20,816802380,102620,23976.0,0.0,0.0
2018-11-21,817377804,145352,23976.0,0.0,0.0
2018-11-22,817953228,191574,23976.0,0.0,0.0
2018-11-23,818528652,241996,23976.0,0.0,0.0
2018-11-24,819104076,205975,23976.0,0.0,0.0
2018-11-25,819679500,47279,23976.0,0.0,0.0
2018-11-26,820254924,110924,23976.0,0.0,0.0
2018-11-27,820830348,179468,23976.0,0.0,0.0
2018-11-28,821405772,250108,23976.0,0.0,0.0
2018-11-29,821981196,324299,23976.0,0.0,0.0
2018-11-30,822556620,402475,23976.0,0.0,0.0
2018-12-01,823132044,358208,23976.0,0.0,0.0
2018-12-02,824119468,65692,23988.0,0.0,0.0
2018-12-03,825108000,159321,24000.0,0.0,0.0
2018-12-04,825684000,253658,24000.0,0.0,0.0
2018-12-05,826260000,353622,24000.0,0.0,0.0
2018-12-06,826836000,457282,24000.0,0.0,0.0
2018-12-07,827412000,565235,24000.0,0.0,0.0
2018-12-08,827228989,527958,23977.0,0.0,1.0
2018-12-09,827735436,78140,23976.0,0.0,0.0
2018-12-10,828310860,198570,23976.0,0.0,0.0
2018-12-11,828886284,322424,23976.0,0.0,0.0
2018-12-12,829392494,451299,23972.0,0.0,2.0
2018-12-13,828375396,580771,23928.0,0.0,0.0
2018-12-14,828325951,714670,23908.0,2.0,0.0
2018-12-15,821514711,695837,23679.0,18.0,0.0
2018-12-16,814001383,90259,23464.0,0.0,0.0
2018-12-17,821403540,235358,23661.0,0.0,0.0
2018-12-18,831246756,386929,23928.0,0.0,0.0
2018-12-19,831473323,539129,23917.0,0.0,1.0
2018-12-20,831456006,695174,23898.0,3.0,0.0
2018-12-21,813054713,829130,23295.0,61.0,0.0
2018-12-22,810766636,285707,23220.0,54.0,0.0
2018-12-23,836628000,3923,24000.0,0.0,0.0
2018-12-24,837204000,11564,24000.0,0.0,0.0
2018-12-25,837780000,23873,24000.0,0.0,0.0
2018-12-26,838356000,39464,24000.0,0.0,0.0
2018-12-27,838932000,60140,24000.0,0.0,0.0
2018-12-28,839508000,84047,24000.0,0.0,0.0
2018-12-29,840084000,40575,24000.0,0.0,0.0
2018-12-30,839924391,37525,23978.0,0.0,1.0
2018-12-31,840394764,74014,23976.0,0.0,0.0
2019-01-01,840970188,115339,23976.0,0.0,0.0
2019-01-02,841545612,158792,23976.0,0.0,0.0
2019-01-03,842121036,206066,23976.0,0.0,0.0
2019-01-04,842696460,256869,23976.0,0.0,0.0
2019-01-05,843271884,121181,23976.0,0.0,0.0
2019-01-06,843847308,66473,23976.0,0.0,0.0
2019-01-07,844422732,131616,23976.0,0.0,0.0
2019-01-08,844998156,199869,23976.0,0.0,0.0
2019-01-09,845573580,270888,23976.0,0.0,0.0
2019-01-10,846149004,346176,23976.0,0.0,0.0
2019-01-11,846724428,424395,23976.0,0.0,0.0
2019-01-12,847299852,215245,23976.0,0.0,0.0
2019-01-13,848582248,95717,23996.0,0.0,0.0
2019-01-14,849300000,187896,24000.0,0.0,0.0
2019-01-15,849876000,283438,24000.0,0.0,0.0
2019-01-16,850452000,383644,24000.0,0.0,0.0
2019-01-17,851028000,488718,24000.0,0.0,0.0
2019-01-18,851391045,596026,23993.0,0.0,1.0
2019-01-19,851327820,325574,23976.0,0.0,0.0
2019-01-20,851903244,116603,23976.0,0.0,0.0
2019-01-21,852478668,238173,23976.0,0.0,0.0
2019-01-22,853054092,362214,23976.0,0.0,0.0
2019-01-23,853273411,490668,23965.0,0.0,1.0
2019-01-24,853349880,621471,23952.0,0.0,0.0
2019-01-25,853175899,755874,23927.0,4.0,0.0
2019-01-26,842832901,441128,23611.0,14.0,0.0
2019-01-27,840294862,138043,23538.0,0.0,0.0
2019-01-28,851362506,284445,23832.0,0.0,0.0
2019-01-29,856224120,435872,23952.0,0.0,0.0
2019-01-30,856119262,589128,23932.0,0.0,1.0
2019-01-31,855333209,746913,23887.0,8.0,0.0
2019-02-01,820834671,858496,22819.0,97.0,0.0
2019-02-02,860244000,1248,24000.0,0.0,0.0
2019-02-03,860820000,6045,24000.0,0.0,0.0
2019-02-04,861396000,15281,24000.0,0.0,0.0
2019-02-05,861972000,28714,24000.0,0.0,0.0
2019-02-06,862548000,45847,24000.0,0.0,0.0
2019-02-07,863124000,67670,24000.0,0.0,0.0
2019-02-08,863700000,92821,24000.0,0.0,0.0
2019-02-09,864095895,14954,23994.0,0.0,1.0
2019-02-10,863987148,48721,23976.0,0.0,0.0
2019-02-11,864562572,87011,23976.0,0.0,0.0
2019-02-12,865137996,128613,23976.0,0.0,0.0
2019-02-13,865713420,173346,23976.0,0.0,0.0
2019-02-14,866288844,222118,23976.0,0.0,0.0
2019-02-15,866864268,274176,23976.0,0.0,0.0
2019-02-16,867439692,38821,23976.0,0.0,0.0
2019-02-17,868015116,87656,23976.0,0.0,0.0
2019-02-18,868590540,154451,23976.0,0.0,0.0
2019-02-19,869165964,223745,23976.0,0.0,0.0
2019-02-20,869741388,295898,23976.0,0.0,0.0
2019-02-21,870316812,372078,23976.0,0.0,0.0
2019-02-22,870892236,451983,23976.0,0.0,0.0
2019-02-23,871612752,76503,23980.0,0.0,0.0
2019-02-24,872916000,126535,24000.0,0.0,0.0
2019-02-25,873492000,218646,24000.0,0.0,0.0
2019-02-26,874068000,316219,24000.0,0.0,0.0
2019-02-27,874644000,417447,24000.0,0.0,0.0
2019-02-28,875220000,524039,24000.0,0.0,0.0
2019-03-01,875285049,632626,23985.0,0.0,1.0
2019-03-02,875495628,128116,23976.0,0.0,0.0
2019-03-03,876071052,157148,23976.0,0.0,0.0
2019-03-04,876646476,279484,23976.0,0.0,0.0
2019-03-05,877221900,405699,23976.0,0.0,0.0
2019-03-06,877174869,534155,23958.0,0.0,1.0
2019-03-07,877493496,667205,23952.0,0.0,0.0
2019-03-08,873045168,796880,23800.0,15.0,0.0
2019-03-09,861438514,190264,23478.0,5.0,0.0
2019-03-10,866113549,186366,23595.0,0.0,0.0
2019-03-11,879168327,336791,23935.0,0.0,0.0
2019-03-12,880294203,489589,23949.0,0.0,1.0
2019-03-13,880059876,644841,23928.0,0.0,0.0
2019-03-14,877873249,802874,23835.0,18.0,0.0
2019-03-15,849648782,583463,22970.0,101.0,0.0
2019-03-16,884436000,2590,24000.0,0.0,0.0
2019-03-17,885012000,8868,24000.0,0.0,0.0
2019-03-18,885588000,19547,24000.0,0.0,0.0
2019-03-19,886164000,34187,24000.0,0.0,0.0
2019-03-20,886740000,52059,24000.0,0.0,0.0
2019-03-21,887316000,75022,24000.0,0.0,0.0
2019-03-22,887892000,66041,24000.0,0.0,0.0
2019-03-23,888468000,26259,24000.0,0.0,0.0
2019-03-24,888266055,62702,23978.0,0.0,1.0
2019-03-25,888730380,102509,23976.0,0.0,0.0
2019-03-26,889305804,146723,23976.0,0.0,0.0
2019-03-27,889881228,192821,23976.0,0.0,0.0
2019-03-28,890456652,243588,23976.0,0.0,0.0
2019-03-29,891032076,207894,23976.0,0.0,0.0
2019-03-30,891607500,48249,23976.0,0.0,0.0
2019-03-31,892182924,112936,23976.0,0.0,0.0
2019-04-01,892758348,181691,23976.0,0.0,0.0
2019-04-02,893333772,253173,23976.0,0.0,0.0
2019-04-03,893909196,329004,23976.0,0.0,0.0
2019-04-04,894484620,409671,23976.0,0.0,0.0
2019-04-05,895060044,364893,23976.0,0.0,0.0
2019-04-06,895635468,68464,23976.0,0.0,0.0
2019-04-07,896958184,164913,23996.0,0.0,0.0
2019-04-08,897684000,264410,24000.0,0.0,0.0
2019-04-09,898260000,368129,24000.0,0.0,0.0
2019-04-10,898836000,476855,24000.0,0.0,0.0
2019-04-11,899187093,590949,23993.0,0.0,1.0
2019-04-12,898037935,551398,23946.0,1.0,1.0
2019-04-13,897862308,85386,23928.0,0.0,0.0
2019-04-14,898887076,209904,23939.0,0.0,1.0
2019-04-15,899010852,341200,23928.0,0.0,0.0
2019-04-16,899585124,475212,23928.0,0.0,0.0
2019-04-17,899444488,614777,23907.0,1.0,1.0
2019-04-18,896215902,752333,23795.0,13.0,0.0
2019-04-19,863071839,706880,22852.0,61.0,0.0
2019-04-20,836298970,91381,22188.0,0.0,0.0
2019-04-21,869003150,234263,23041.0,0.0,0.0
2019-04-22,902125008,383659,23904.0,0.0,0.0
2019-04-23,902585382,536952,23900.0,0.0,1.0
2019-04-24,898548235,688826,23763.0,16.0,0.0
2019-04-25,855102149,788250,22505.0,110.0,0.0
2019-04-26,858043614,252071,22597.0,81.0,0.0
2019-04-27,908628000,4679,24000.0,0.0,0.0
2019-04-28,909204000,12720,24000.0,0.0,0.0
2019-04-29,909780000,26726,24000.0,0.0,0.0
2019-04-30,910356000,45368,24000.0,0.0,0.0
2019-05-01,910932000,67958,24000.0,0.0,0.0
2019-05-02,911508000,95873,24000.0,0.0,0.0
2019-05-03,912084000,47631,24000.0,0.0,0.0
2019-05-04,911937430,46611,23980.0,0.0,1.0
2019-05-05,912322764,94623,23976.0,0.0,0.0
2019-05-06,912669681,146838,23969.0,0.0,1.0
2019-05-07,912559224,207098,23952.0,0.0,0.0
2019-05-08,913134072,273474,23952.0,0.0,0.0
2019-05-09,913708920,345030,23952.0,0.0,0.0
2019-05-10,914283768,164516,23952.0,0.0,0.0
2019-05-11,914858616,92504,23952.0,0.0,0.0
2019-05-12,915433464,182127,23952.0,0.0,0.0
2019-05-13,916008312,279416,23952.0,0.0,0.0
2019-05-14,916583160,382317,23951.0,1.0,0.0
2019-05-15,915741111,489256,23913.0,2.0,0.0
2019-05-16,906926780,591281,23642.0,28.0,0.0
2019-05-17,873334275,283543,22754.0,25.0,0.0
2019-05-18,877871539,122893,22883.0,0.0,0.0
2019-05-19,913775832,244844,23803.0,0.0,1.0
2019-05-20,919378940,373146,23934.0,0.0,1.0
2019-05-21,919838210,504776,23927.0,5.0,0.0
2019-05-22,888103463,599550,23024.0,68.0,0.0
2019-05-23,815806788,630735,21098.0,101.0,0.0
2019-05-24,758826853,302512,19659.0,46.0,1.0
2019-05-25,820605063,123376,21296.0,0.0,1.0
2019-05-26,910179292,223836,23607.0,0.0,0.0
2019-05-27,922204368,331493,23904.0,0.0,0.0
2019-05-28,919766551,451911,23817.0,9.0,0.0
2019-05-29,899632614,554034,23250.0,40.0,0.0
2019-05-30,847391566,605310,21840.0,84.0,0.0
2019-05-31,781318876,353303,20137.0,64.0,1.0
2019-06-01,816404390,182788,21094.0,2.0,0.0
2019-06-02,902528401,236001,23306.0,1.0,0.0
2019-06-03,924902544,287219,23870.0,0.0,0.0
2019-06-04,927104098,414672,23910.0,2.0,0.0
2019-06-05,914447062,528226,23536.0,34.0,1.0
2019-06-06,841794300,560108,21559.0,126.0,0.0
2019-06-07,932244000,1522,24000.0,0.0,0.0
2019-06-08,932820000,9170,24000.0,0.0,0.0
2019-06-09,933396000,24070,24000.0,0.0,0.0
2019-06-10,933972000,44032,24000.0,0.0,0.0
2019-06-11,934548000,69228,24000.0,0.0,0.0
2019-06-12,935124000,101398,24000.0,0.0,0.0
2019-06-13,935700000,140405,24000.0,0.0,0.0
2019-06-14,936276000,23757,24000.0,0.0,0.0
2019-06-15,936852000,75706,24000.0,0.0,0.0
2019-06-16,936881097,131567,23985.0,0.0,1.0
2019-06-17,937065996,194434,23976.0,0.0,0.0
2019-06-18,937641420,264635,23976.0,0.0,0.0
2019-06-19,938177701,338727,23974.0,1.0,0.0
2019-06-20,937774203,419547,23949.0,1.0,0.0
2019-06-21,937487076,57313,23928.0,0.0,0.0
2019-06-22,939041347,130182,23953.0,0.0,0.0
2019-06-23,940518540,232000,23976.0,0.0,0.0
2019-06-24,941093964,338655,23976.0,0.0,0.0
2019-06-25,941119390,452077,23958.0,4.0,0.0
2019-06-26,930807345,555922,23652.0,33.0,0.0
2019-06-27,875967040,600336,22206.0,70.0,0.0
2019-06-28,841052489,94490,21362.0,13.0,0.0
2019-06-29,894441335,154419,22717.0,0.0,1.0
2019-06-30,942930352,267987,23935.0,0.0,0.0
2019-07-01,945121932,390255,23975.0,1.0,0.0
2019-07-02,936860859,512796,23728.0,23.0,1.0
2019-07-03,893343736,584477,22568.0,67.0,0.0
2019-07-04,827540147,607176,20867.0,87.0,1.0
2019-07-05,814058462,137765,20587.0,14.0,0.0
2019-07-06,886040339,172522,22409.0,0.0,0.0
2019-07-07,944815428,247721,23881.0,0.0,0.0
2019-07-08,947249700,360171,23928.0,0.0,0.0
2019-07-09,945724186,485013,23868.0,7.0,0.0
2019-07-10,920848929,581730,23170.0,63.0,0.0
2019-07-11,837365631,596337,21007.0,106.0,1.0
2019-07-12,788272236,223377,19842.0,22.0,0.0
2019-07-13,868402159,249609,21866.0,4.0,0.0
2019-07-14,942033117,232158,23709.0,1.0,0.0
2019-07-15,947294030,318412,23827.0,0.0,1.0
2019-07-16,948103806,442513,23824.0,10.0,0.0
2019-07-17,920493010,535322,23070.0,56.0,0.0
2019-07-18,887839275,369179,22211.0,81.0,0.0
2019-07-19,956436000,3095,24000.0,0.0,0.0
2019-07-20,957012000,12843,24000.0,0.0,0.0
2019-07-21,957588000,29424,24000.0,0.0,0.0
2019-07-22,958164000,51481,24000.0,0.0,0.0
2019-07-23,958740000,79265,24000.0,0.0,0.0
2019-07-24,959316000,113712,24000.0,0.0,0.0
2019-07-25,959411982,100351,23987.0,0.0,1.0
2019-07-26,959507532,39311,23976.0,0.0,0.0
2019-07-27,960082956,93008,23976.0,0.0,0.0
2019-07-28,960658380,151228,23976.0,0.0,0.0
2019-07-29,961233804,216049,23976.0,0.0,0.0
2019-07-30,961809228,287724,23976.0,0.0,0.0
2019-07-31,962384652,366230,23976.0,0.0,0.0
2019-08-01,962960076,313360,23976.0,0.0,0.0
2019-08-02,963535500,68426,23976.0,0.0,0.0
2019-08-03,964110924,162478,23976.0,0.0,0.0
2019-08-04,964686348,264378,23976.0,0.0,0.0
2019-08-05,965261772,371863,23976.0,0.0,0.0
2019-08-06,963701813,483630,23913.0,10.0,0.0
2019-08-07,942467934,575386,23340.0,42.0,0.0
2019-08-08,888660728,463754,21979.0,55.0,0.0
2019-08-09,887336742,80878,21988.0,0.0,0.0
2019-08-10,943628854,195680,23369.0,0.0,0.0
2019-08-11,969684000,315984,24000.0,0.0,0.0
2019-08-12,968117010,441917,23940.0,7.0,0.0
2019-08-13,945834552,547089,23335.0,47.0,0.0
2019-08-14,890741132,601279,21939.0,67.0,1.0
2019-08-15,837080400,497566,20597.0,71.0,1.0
2019-08-16,863636632,98040,21312.0,0.0,0.0
2019-08-17,938188244,202583,23138.0,0.0,0.0
2019-08-18,971768568,284712,23952.0,0.0,0.0
2019-08-19,971490768,407732,23927.0,3.0,1.0
2019-08-20,958171757,522787,23552.0,37.0,0.0
2019-08-21,908623167,589064,22291.0,64.0,1.0
2019-08-22,824527753,507299,20173.0,102.0,0.0
2019-08-23,832425751,164609,20455.0,2.0,0.0
2019-08-24,923060873,253318,22664.0,7.0,0.0
2019-08-25,965852102,235783,23708.0,0.0,0.0
2019-08-26,969192961,359229,23774.0,1.0,1.0
2019-08-27,965847021,476486,23661.0,19.0,0.0
2019-08-28,925314904,554307,22589.0,84.0,0.0
2019-08-29,939142513,183547,22951.0,47.0,0.0
2019-08-30,980628000,6282,24000.0,0.0,0.0
2019-08-31,981204000,18125,24000.0,0.0,0.0
